Employee First Name,Employee Last Name,Manager First Name,Manager Last Name
Syed,Abbas,Roberto,Tamburello
Syed,Abbas,Peter,Krebs
Syed,Abbas,Hazem,Abolrous
Syed,Abbas,Gary,Altman
Syed,Abbas,Paula,Barreto de Mattos
Syed,Abbas,David,Liu
Syed,Abbas,Wendy,Kahn
Syed,Abbas,Stephanie,Conroy
Syed,Abbas,Stephen,Jiang
Syed,Abbas,Syed,Abbas
Syed,Abbas,Amy,Alberts
Kim,Abercrombie,Michael,Raheem
Hazem,Abolrous,Roberto,Tamburello
Hazem,Abolrous,Peter,Krebs
Hazem,Abolrous,Hazem,Abolrous
Hazem,Abolrous,Stephanie,Conroy
Hazem,Abolrous,Stephen,Jiang
Hazem,Abolrous,Syed,Abbas
Hazem,Abolrous,Amy,Alberts
Hazem,Abolrous,Gary,Altman
Hazem,Abolrous,Paula,Barreto de Mattos
Hazem,Abolrous,David,Liu
Hazem,Abolrous,Wendy,Kahn
Pilar,Ackerman,Dylan,Miller
Pilar,Ackerman,Zainal,Arifin
Pilar,Ackerman,Sheela,Word
Jay,Adams,Michael,Raheem
François,Ajenstat,Roberto,Tamburello
François,Ajenstat,Peter,Krebs
François,Ajenstat,Hazem,Abolrous
François,Ajenstat,Gary,Altman
François,Ajenstat,Paula,Barreto de Mattos
François,Ajenstat,David,Liu
François,Ajenstat,Wendy,Kahn
François,Ajenstat,Stephanie,Conroy
François,Ajenstat,Stephen,Jiang
François,Ajenstat,Syed,Abbas
François,Ajenstat,Amy,Alberts
Amy,Alberts,Roberto,Tamburello
Amy,Alberts,Peter,Krebs
Amy,Alberts,Hazem,Abolrous
Amy,Alberts,Gary,Altman
Amy,Alberts,Paula,Barreto de Mattos
Amy,Alberts,David,Liu
Amy,Alberts,Wendy,Kahn
Amy,Alberts,Stephanie,Conroy
Amy,Alberts,Stephen,Jiang
Amy,Alberts,Syed,Abbas
Amy,Alberts,Amy,Alberts
Greg,Alderson,Michael,Raheem
Sean,Alexander,Michael,Raheem
Gary,Altman,Roberto,Tamburello
Gary,Altman,Peter,Krebs
Gary,Altman,Hazem,Abolrous
Gary,Altman,Gary,Altman
Gary,Altman,Paula,Barreto de Mattos
Gary,Altman,David,Liu
Gary,Altman,Wendy,Kahn
Gary,Altman,Stephanie,Conroy
Gary,Altman,Stephen,Jiang
Gary,Altman,Syed,Abbas
Gary,Altman,Amy,Alberts
Nancy,Anderson,Michael,Raheem
Pamela,Ansman-Wolfe,Dylan,Miller
Pamela,Ansman-Wolfe,Zainal,Arifin
Pamela,Ansman-Wolfe,Sheela,Word
Zainal,Arifin,Dylan,Miller
Zainal,Arifin,Zainal,Arifin
Zainal,Arifin,Sheela,Word
Dan,Bacon,Roberto,Tamburello
Dan,Bacon,Peter,Krebs
Dan,Bacon,Hazem,Abolrous
Dan,Bacon,Gary,Altman
Dan,Bacon,Paula,Barreto de Mattos
Dan,Bacon,David,Liu
Dan,Bacon,Wendy,Kahn
Dan,Bacon,Stephanie,Conroy
Dan,Bacon,Stephen,Jiang
Dan,Bacon,Syed,Abbas
Dan,Bacon,Amy,Alberts
Bryan,Baker,Michael,Raheem
Mary,Baker,Michael,Raheem
Angela,Barbariol,Michael,Raheem
David,Barber,Roberto,Tamburello
David,Barber,Peter,Krebs
David,Barber,Hazem,Abolrous
David,Barber,Gary,Altman
David,Barber,Paula,Barreto de Mattos
David,Barber,David,Liu
David,Barber,Wendy,Kahn
David,Barber,Stephanie,Conroy
David,Barber,Stephen,Jiang
David,Barber,Syed,Abbas
David,Barber,Amy,Alberts
Paula,Barreto de Mattos,Roberto,Tamburello
Paula,Barreto de Mattos,Peter,Krebs
Paula,Barreto de Mattos,Hazem,Abolrous
Paula,Barreto de Mattos,Gary,Altman
Paula,Barreto de Mattos,Paula,Barreto de Mattos
Paula,Barreto de Mattos,David,Liu
Paula,Barreto de Mattos,Wendy,Kahn
Paula,Barreto de Mattos,Stephanie,Conroy
Paula,Barreto de Mattos,Stephen,Jiang
Paula,Barreto de Mattos,Syed,Abbas
Paula,Barreto de Mattos,Amy,Alberts
Wanida,Benshoof,Roberto,Tamburello
Wanida,Benshoof,Peter,Krebs
Wanida,Benshoof,Hazem,Abolrous
Wanida,Benshoof,Gary,Altman
Wanida,Benshoof,Syed,Abbas
Wanida,Benshoof,Amy,Alberts
Wanida,Benshoof,Paula,Barreto de Mattos
Wanida,Benshoof,David,Liu
Wanida,Benshoof,Wendy,Kahn
Wanida,Benshoof,Stephanie,Conroy
Wanida,Benshoof,Stephen,Jiang
Karen,Berg,Roberto,Tamburello
Karen,Berg,Peter,Krebs
Karen,Berg,Hazem,Abolrous
Karen,Berg,Gary,Altman
Karen,Berg,Amy,Alberts
Karen,Berg,Paula,Barreto de Mattos
Karen,Berg,David,Liu
Karen,Berg,Wendy,Kahn
Karen,Berg,Stephanie,Conroy
Karen,Berg,Stephen,Jiang
Karen,Berg,Syed,Abbas
Karen,Berge,Michael,Raheem
Andreas,Berglund,Michael,Raheem
Matthias,Berndt,Michael,Raheem
Jo,Berry,Michael,Raheem
Jimmy,Bischoff,Michael,Raheem
Michael,Blythe,Dylan,Miller
Michael,Blythe,Zainal,Arifin
Michael,Blythe,Sheela,Word
David,Bradley,David,Bradley
David,Bradley,Jean,Trenary
Alan,Brewer,Dylan,Miller
Alan,Brewer,Sheela,Word
Alan,Brewer,Zainal,Arifin
Eric,Brown,Michael,Raheem
Jo,Brown,Dylan,Miller
Jo,Brown,Zainal,Arifin
Jo,Brown,Sheela,Word
Kevin,Brown,Roberto,Tamburello
Kevin,Brown,Peter,Krebs
Kevin,Brown,Hazem,Abolrous
Kevin,Brown,Gary,Altman
Kevin,Brown,Paula,Barreto de Mattos
Kevin,Brown,David,Liu
Kevin,Brown,Wendy,Kahn
Kevin,Brown,Stephanie,Conroy
Kevin,Brown,Stephen,Jiang
Kevin,Brown,Syed,Abbas
Kevin,Brown,Amy,Alberts
Janaina,Bueno,Roberto,Tamburello
Janaina,Bueno,Peter,Krebs
Janaina,Bueno,Hazem,Abolrous
Janaina,Bueno,Syed,Abbas
Janaina,Bueno,Amy,Alberts
Janaina,Bueno,Wendy,Kahn
Janaina,Bueno,Stephanie,Conroy
Janaina,Bueno,Stephen,Jiang
Janaina,Bueno,Gary,Altman
Janaina,Bueno,Paula,Barreto de Mattos
Janaina,Bueno,David,Liu
David,Campbell,Dylan,Miller
David,Campbell,Zainal,Arifin
David,Campbell,Sheela,Word
John,Campbell,Dylan,Miller
John,Campbell,Zainal,Arifin
John,Campbell,Sheela,Word
Jun,Cao,Michael,Raheem
Rob,Caron,Michael,Raheem
Jillian,Carson,Dylan,Miller
Jillian,Carson,Zainal,Arifin
Jillian,Carson,Sheela,Word
Andrew,Cencini,Michael,Raheem
Baris,Cetinok,Michael,Raheem
Sean,Chai,Michael,Raheem
Sootha,Charncherngkha,Michael,Raheem
Hao,Chen,Dylan,Miller
Hao,Chen,Zainal,Arifin
Hao,Chen,Sheela,Word
John,Chen,Michael,Raheem
Alice,Ciccu,Michael,Raheem
Pat,Coleman,Michael,Raheem
Peter,Connelly,Dylan,Miller
Peter,Connelly,Zainal,Arifin
Peter,Connelly,Sheela,Word
Stephanie,Conroy,Roberto,Tamburello
Stephanie,Conroy,Peter,Krebs
Stephanie,Conroy,Hazem,Abolrous
Stephanie,Conroy,Gary,Altman
Stephanie,Conroy,Paula,Barreto de Mattos
Stephanie,Conroy,David,Liu
Stephanie,Conroy,Wendy,Kahn
Stephanie,Conroy,Stephanie,Conroy
Stephanie,Conroy,Stephen,Jiang
Stephanie,Conroy,Syed,Abbas
Stephanie,Conroy,Amy,Alberts
Patrick,Cook,Michael,Raheem
Ryan,Cornelsen,Michael,Raheem
Ovidiu,Cracium,Dylan,Miller
Ovidiu,Cracium,Zainal,Arifin
Ovidiu,Cracium,Sheela,Word
Jack,Creasey,Michael,Raheem
Grant,Culbertson,Dylan,Miller
Grant,Culbertson,Zainal,Arifin
Grant,Culbertson,Sheela,Word
Barbara,Decker,Michael,Raheem
Mary,Dempsey,Roberto,Tamburello
Mary,Dempsey,Peter,Krebs
Mary,Dempsey,Hazem,Abolrous
Mary,Dempsey,Gary,Altman
Mary,Dempsey,Syed,Abbas
Mary,Dempsey,Amy,Alberts
Mary,Dempsey,Paula,Barreto de Mattos
Mary,Dempsey,David,Liu
Mary,Dempsey,Wendy,Kahn
Mary,Dempsey,Stephanie,Conroy
Mary,Dempsey,Stephen,Jiang
Thierry,D'Hers,Michael,Raheem
Brenda,Diaz,Dylan,Miller
Brenda,Diaz,Zainal,Arifin
Brenda,Diaz,Sheela,Word
JoLynn,Dobney,Dylan,Miller
JoLynn,Dobney,Zainal,Arifin
JoLynn,Dobney,Sheela,Word
Reuben,D'sa,Dylan,Miller
Reuben,D'sa,Zainal,Arifin
Reuben,D'sa,Sheela,Word
Ed,Dudenhoefer,Michael,Raheem
Terri,Duffy,David,Bradley
Terri,Duffy,Jean,Trenary
Maciej,Dusza,Michael,Raheem
Shelley,Dyck,Michael,Raheem
Terrence,Earls,Michael,Raheem
Susan,Eaton,Michael,Raheem
Ruth,Ellerbrock,Michael,Raheem
Terry,Eminhizer,Roberto,Tamburello
Terry,Eminhizer,Peter,Krebs
Terry,Eminhizer,Hazem,Abolrous
Terry,Eminhizer,Stephanie,Conroy
Terry,Eminhizer,Stephen,Jiang
Terry,Eminhizer,Syed,Abbas
Terry,Eminhizer,Amy,Alberts
Terry,Eminhizer,Gary,Altman
Terry,Eminhizer,Paula,Barreto de Mattos
Terry,Eminhizer,David,Liu
Terry,Eminhizer,Wendy,Kahn
Michael,Entin,Michael,Raheem
Gail,Erickson,Dylan,Miller
Gail,Erickson,Zainal,Arifin
Gail,Erickson,Sheela,Word
Ebru,Ersan,Michael,Raheem
Janeth,Esteves,Michael,Raheem
John,Evans,Michael,Raheem
Fadi,Fakhouri,Michael,Raheem
Suroor,Fatima,Michael,Raheem
Hanying,Feng,Michael,Raheem
Charles,Fitzgerald,Michael,Raheem
Kathie,Flood,Michael,Raheem
Jeffrey,Ford,Michael,Raheem
Mihail,Frintu,Michael,Raheem
John,Frum,Michael,Raheem
Janice,Galvin,Michael,Raheem
Mary,Gibson,Roberto,Tamburello
Mary,Gibson,Peter,Krebs
Mary,Gibson,Hazem,Abolrous
Mary,Gibson,Gary,Altman
Mary,Gibson,Syed,Abbas
Mary,Gibson,Amy,Alberts
Mary,Gibson,Paula,Barreto de Mattos
Mary,Gibson,David,Liu
Mary,Gibson,Wendy,Kahn
Mary,Gibson,Stephanie,Conroy
Mary,Gibson,Stephen,Jiang
Guy,Gilbert,Michael,Raheem
Diane,Glimp,Michael,Raheem
Scott,Gode,Michael,Raheem
Jossef,Goldberg,Dylan,Miller
Jossef,Goldberg,Zainal,Arifin
Jossef,Goldberg,Sheela,Word
Brian,Goldstein,Michael,Raheem
Eric,Gubbels,Dylan,Miller
Eric,Gubbels,Zainal,Arifin
Eric,Gubbels,Sheela,Word
Erin,Hagens,Michael,Raheem
Don,Hall,Michael,Raheem
David,Hamilton,Dylan,Miller
David,Hamilton,Zainal,Arifin
David,Hamilton,Sheela,Word
James,Hamilton,David,Bradley
James,Hamilton,Jean,Trenary
Sariya,Harnpadoungsataya,Roberto,Tamburello
Sariya,Harnpadoungsataya,Peter,Krebs
Sariya,Harnpadoungsataya,Hazem,Abolrous
Sariya,Harnpadoungsataya,Gary,Altman
Sariya,Harnpadoungsataya,Paula,Barreto de Mattos
Sariya,Harnpadoungsataya,David,Liu
Sariya,Harnpadoungsataya,Wendy,Kahn
Sariya,Harnpadoungsataya,Stephanie,Conroy
Sariya,Harnpadoungsataya,Stephen,Jiang
Sariya,Harnpadoungsataya,Syed,Abbas
Sariya,Harnpadoungsataya,Amy,Alberts
Mark,Harrington,Michael,Raheem
Doris,Hartwig,Michael,Raheem
Jeff,Hay,Dylan,Miller
Jeff,Hay,Zainal,Arifin
Jeff,Hay,Sheela,Word
Magnus,Hedlund,Dylan,Miller
Magnus,Hedlund,Zainal,Arifin
Magnus,Hedlund,Sheela,Word
Gordon,Hee,Michael,Raheem
Brandon,Heidepriem,Michael,Raheem
Stefen,Hesse,Michael,Raheem
Sidney,Higa,Michael,Raheem
Andrew,Hill,Dylan,Miller
Andrew,Hill,Zainal,Arifin
Andrew,Hill,Sheela,Word
Annette,Hill,Michael,Raheem
Christopher,Hill,Michael,Raheem
Reinout,Hillmann,Michael,Raheem
Michael,Hines,Michael,Raheem
Douglas,Hite,Michael,Raheem
Bob,Hohman,Michael,Raheem
Nicole,Holliday,Michael,Raheem
Kevin,Homer,Michael,Raheem
Russell,Hunter,Michael,Raheem
Marc,Ingle,Michael,Raheem
Shu,Ito,Dylan,Miller
Shu,Ito,Zainal,Arifin
Shu,Ito,Sheela,Word
Stephen,Jiang,Roberto,Tamburello
Stephen,Jiang,Peter,Krebs
Stephen,Jiang,Hazem,Abolrous
Stephen,Jiang,Stephanie,Conroy
Stephen,Jiang,Stephen,Jiang
Stephen,Jiang,Syed,Abbas
Stephen,Jiang,Amy,Alberts
Stephen,Jiang,Gary,Altman
Stephen,Jiang,Paula,Barreto de Mattos
Stephen,Jiang,David,Liu
Stephen,Jiang,Wendy,Kahn
Barry,Johnson,Michael,Raheem
David,Johnson,Michael,Raheem
Willis,Johnson,Dylan,Miller
Willis,Johnson,Zainal,Arifin
Willis,Johnson,Sheela,Word
Wendy,Kahn,Roberto,Tamburello
Wendy,Kahn,Peter,Krebs
Wendy,Kahn,Hazem,Abolrous
Wendy,Kahn,Gary,Altman
Wendy,Kahn,Paula,Barreto de Mattos
Wendy,Kahn,David,Liu
Wendy,Kahn,Wendy,Kahn
Wendy,Kahn,Stephanie,Conroy
Wendy,Kahn,Stephen,Jiang
Wendy,Kahn,Syed,Abbas
Wendy,Kahn,Amy,Alberts
Sandeep,Kaliyath,Michael,Raheem
John,Kane,Michael,Raheem
Lori,Kane,Dylan,Miller
Lori,Kane,Zainal,Arifin
Lori,Kane,Sheela,Word
Bonnie,Kearney,Michael,Raheem
Kendall,Keil,Michael,Raheem
Elizabeth,Keyser,Michael,Raheem
Karan,Khanna,Michael,Raheem
Tengiz,Kharatishvili,Michael,Raheem
Shane,Kim,Dylan,Miller
Shane,Kim,Zainal,Arifin
Shane,Kim,Sheela,Word
Russell,King,Michael,Raheem
Christian,Kleinerman,Dylan,Miller
Christian,Kleinerman,Zainal,Arifin
Christian,Kleinerman,Sheela,Word
Reed,Koch,Michael,Raheem
Kirk,Koenigsbauer,Michael,Raheem
Eugene,Kogan,Michael,Raheem
Paul,Komosinski,Michael,Raheem
James,Kramer,Michael,Raheem
Mindaugas,Krapauskas,Michael,Raheem
Peter,Krebs,Roberto,Tamburello
Peter,Krebs,Peter,Krebs
Peter,Krebs,Hazem,Abolrous
Peter,Krebs,Syed,Abbas
Peter,Krebs,Amy,Alberts
Peter,Krebs,Wendy,Kahn
Peter,Krebs,Stephanie,Conroy
Peter,Krebs,Stephen,Jiang
Peter,Krebs,Gary,Altman
Peter,Krebs,Paula,Barreto de Mattos
Peter,Krebs,David,Liu
Vamsi,Kuppa,Michael,Raheem
Eric,Kurjan,Michael,Raheem
Brian,LaMee,Dylan,Miller
Brian,LaMee,Zainal,Arifin
Brian,LaMee,Sheela,Word
Rebecca,Laszlo,Michael,Raheem
David,Lawrence,Michael,Raheem
Frank,Lee,Michael,Raheem
Kitti,Lertpiriyasuwat,Michael,Raheem
George,Li,Michael,Raheem
Yuhong,Li,Dylan,Miller
Yuhong,Li,Zainal,Arifin
Yuhong,Li,Sheela,Word
David,Liu,Roberto,Tamburello
David,Liu,Peter,Krebs
David,Liu,Hazem,Abolrous
David,Liu,Gary,Altman
David,Liu,Paula,Barreto de Mattos
David,Liu,David,Liu
David,Liu,Wendy,Kahn
David,Liu,Stephanie,Conroy
David,Liu,Stephen,Jiang
David,Liu,Syed,Abbas
David,Liu,Amy,Alberts
Jinghao,Liu,Dylan,Miller
Jinghao,Liu,Sheela,Word
Jinghao,Liu,Zainal,Arifin
Kevin,Liu,Michael,Raheem
Brian,Lloyd,Michael,Raheem
Kok-Ho,Loh,Dylan,Miller
Kok-Ho,Loh,Zainal,Arifin
Kok-Ho,Loh,Sheela,Word
Jose,Lugo,Michael,Raheem
Vidur,Luthra,Dylan,Miller
Vidur,Luthra,Zainal,Arifin
Vidur,Luthra,Sheela,Word
Stuart,Macrae,Michael,Raheem
Pete,Male,Michael,Raheem
Gabe,Mares,Michael,Raheem
Diane,Margheim,Michael,Raheem
Benjamin,Martin,Michael,Raheem
Mindy,Martin,Dylan,Miller
Mindy,Martin,Zainal,Arifin
Mindy,Martin,Sheela,Word
Frank,Martinez,Michael,Raheem
Steve,Masters,Michael,Raheem
Gigi,Matthew,Michael,Raheem
Taylor,Maxwell,Dylan,Miller
Taylor,Maxwell,Zainal,Arifin
Taylor,Maxwell,Sheela,Word
Mark,McArthur,Michael,Raheem
Katie,McAskill-White,Dylan,Miller
Katie,McAskill-White,Zainal,Arifin
Katie,McAskill-White,Sheela,Word
Alejandro,McGuel,Michael,Raheem
Yvonne,McKay,Michael,Raheem
Linda,Meisner,Michael,Raheem
Tete,Mensa-Annan,Dylan,Miller
Tete,Mensa-Annan,Zainal,Arifin
Tete,Mensa-Annan,Sheela,Word
Susan,Metters,Michael,Raheem
Ramesh,Meyyappan,Roberto,Tamburello
Ramesh,Meyyappan,Peter,Krebs
Ramesh,Meyyappan,Hazem,Abolrous
Ramesh,Meyyappan,Gary,Altman
Ramesh,Meyyappan,Paula,Barreto de Mattos
Ramesh,Meyyappan,David,Liu
Ramesh,Meyyappan,Wendy,Kahn
Ramesh,Meyyappan,Stephanie,Conroy
Ramesh,Meyyappan,Stephen,Jiang
Ramesh,Meyyappan,Syed,Abbas
Ramesh,Meyyappan,Amy,Alberts
Thomas,Michaels,Michael,Raheem
Jan,Miksovsky,Michael,Raheem
Ben,Miller,Michael,Raheem
Dylan,Miller,Dylan,Miller
Dylan,Miller,Zainal,Arifin
Dylan,Miller,Sheela,Word
Frank,Miller,Michael,Raheem
Nitin,Mirchandani,Michael,Raheem
Linda,Mitchell,Dylan,Miller
Linda,Mitchell,Sheela,Word
Linda,Mitchell,Zainal,Arifin
Shammi,Mohamed,Michael,Raheem
Suchitra,Mohan,Michael,Raheem
Barbara,Moreland,Dylan,Miller
Barbara,Moreland,Zainal,Arifin
Barbara,Moreland,Sheela,Word
Linda,Moschell,Michael,Raheem
Zheng,Mu,Dylan,Miller
Zheng,Mu,Zainal,Arifin
Zheng,Mu,Sheela,Word
Stuart,Munson,Michael,Raheem
Ken,Myer,Michael,Raheem
Paula,Nartker,Michael,Raheem
Lorraine,Nay,Michael,Raheem
Alex,Nayberg,Michael,Raheem
Merav,Netz,Michael,Raheem
Belinda,Newman,Michael,Raheem
Chad,Niswonger,Michael,Raheem
Laura,Norman,David,Bradley
Laura,Norman,Jean,Trenary
Chris,Norred,Michael,Raheem
Fred,Northup,Michael,Raheem
Tawana,Nusbaum,Michael,Raheem
Fukiko,Ogisu,Michael,Raheem
Chris,Okelberry,Michael,Raheem
David,Ortiz,Michael,Raheem
Michiko,Osada,Michael,Raheem
Jae,Pak,Dylan,Miller
Jae,Pak,Zainal,Arifin
Jae,Pak,Sheela,Word
Rajesh,Patel,Michael,Raheem
Michael,Patten,Michael,Raheem
Frank,Pellow,Michael,Raheem
Lori,Penor,Michael,Raheem
Lionel,Penuchot,Michael,Raheem
Cristian,Petculescu,Dylan,Miller
Cristian,Petculescu,Zainal,Arifin
Cristian,Petculescu,Sheela,Word
Carol,Philips,Michael,Raheem
Deborah,Poe,Dylan,Miller
Deborah,Poe,Zainal,Arifin
Deborah,Poe,Sheela,Word
Carole,Poland,Michael,Raheem
Houman,Pournasseh,Michael,Raheem
Chris,Preston,Michael,Raheem
Michael,Raheem,Michael,Raheem
Kim,Ralls,Michael,Raheem
Cynthia,Randall,Dylan,Miller
Cynthia,Randall,Zainal,Arifin
Cynthia,Randall,Sheela,Word
Linda,Randall,Michael,Raheem
Arvind,Rao,Michael,Raheem
Simon,Rapier,Michael,Raheem
Michael,Ray,Dylan,Miller
Michael,Ray,Zainal,Arifin
Michael,Ray,Sheela,Word
Sandra,Reátegui Alayo,Michael,Raheem
Randy,Reeves,Michael,Raheem
Tsvi,Reiter,Dylan,Miller
Tsvi,Reiter,Zainal,Arifin
Tsvi,Reiter,Sheela,Word
Bjorn,Rettig,Michael,Raheem
Jack,Richins,Dylan,Miller
Jack,Richins,Zainal,Arifin
Jack,Richins,Sheela,Word
Michael,Rothkugel,Michael,Raheem
Robert,Rounthwaite,Michael,Raheem
Andy,Ruth,Michael,Raheem
Lane,Sacksteder,Michael,Raheem
Sharon,Salavaria,Dylan,Miller
Sharon,Salavaria,Zainal,Arifin
Sharon,Salavaria,Sheela,Word
Ivo,Salmre,Michael,Raheem
Raymond,Sam,Michael,Raheem
Mandar,Samant,Michael,Raheem
Prasanna,Samarawickrama,Michael,Raheem
Mikael,Sandberg,Michael,Raheem
José,Saraiva,Dylan,Miller
José,Saraiva,Zainal,Arifin
José,Saraiva,Sheela,Word
Jim,Scardelis,Michael,Raheem
Mike,Seamans,Dylan,Miller
Mike,Seamans,Zainal,Arifin
Mike,Seamans,Sheela,Word
Steven,Selikoff,Michael,Raheem
Rostislav,Shabalin,Michael,Raheem
Ashvini,Sharma,Dylan,Miller
Ashvini,Sharma,Zainal,Arifin
Ashvini,Sharma,Sheela,Word
Janet,Sheperdigian,Dylan,Miller
Janet,Sheperdigian,Zainal,Arifin
Janet,Sheperdigian,Sheela,Word
Margie,Shoop,Michael,Raheem
Britta,Simon,Michael,Raheem
Paul,Singh,Michael,Raheem
Denise,Smith,Michael,Raheem
Samantha,Smith,Michael,Raheem
Lolan,Song,Michael,Raheem
Anibal,Sousa,Michael,Raheem
Candy,Spoon,Dylan,Miller
Candy,Spoon,Zainal,Arifin
Candy,Spoon,Sheela,Word
Betsy,Stadick,Michael,Raheem
Annik,Stahl,Michael,Raheem
Laura,Steele,Michael,Raheem
Min,Su,Michael,Raheem
Michael,Sullivan,Dylan,Miller
Michael,Sullivan,Zainal,Arifin
Michael,Sullivan,Sheela,Word
Krishna,Sunkammurali,Michael,Raheem
Roberto,Tamburello,Roberto,Tamburello
Roberto,Tamburello,Peter,Krebs
Roberto,Tamburello,Hazem,Abolrous
Roberto,Tamburello,Gary,Altman
Roberto,Tamburello,Paula,Barreto de Mattos
Roberto,Tamburello,David,Liu
Roberto,Tamburello,Wendy,Kahn
Roberto,Tamburello,Stephanie,Conroy
Roberto,Tamburello,Stephen,Jiang
Roberto,Tamburello,Syed,Abbas
Roberto,Tamburello,Amy,Alberts
Sameer,Tejani,Michael,Raheem
Diane,Tibbott,Michael,Raheem
Danielle,Tiedt,Michael,Raheem
Hung-Fu,Ting,Michael,Raheem
Dragan,Tomic,Dylan,Miller
Dragan,Tomic,Zainal,Arifin
Dragan,Tomic,Sheela,Word
Jean,Trenary,David,Bradley
Jean,Trenary,Jean,Trenary
Lynn,Tsoflias,Dylan,Miller
Lynn,Tsoflias,Zainal,Arifin
Lynn,Tsoflias,Sheela,Word
Olinda,Turner,Michael,Raheem
Sairaj,Uddin,Dylan,Miller
Sairaj,Uddin,Zainal,Arifin
Sairaj,Uddin,Sheela,Word
Rachel,Valdez,Dylan,Miller
Rachel,Valdez,Sheela,Word
Rachel,Valdez,Zainal,Arifin
Sylvester,Valdez,Michael,Raheem
Tom,Vande Velde,Michael,Raheem
Michael,Vanderhyde,Michael,Raheem
Garrett,Vargas,Dylan,Miller
Garrett,Vargas,Zainal,Arifin
Garrett,Vargas,Sheela,Word
Ranjit,Varkey Chudukatil,Dylan,Miller
Ranjit,Varkey Chudukatil,Zainal,Arifin
Ranjit,Varkey Chudukatil,Sheela,Word
William,Vong,Dylan,Miller
William,Vong,Zainal,Arifin
William,Vong,Sheela,Word
Rob,Walters,Dylan,Miller
Rob,Walters,Zainal,Arifin
Rob,Walters,Sheela,Word
Bryan,Walton,Dylan,Miller
Bryan,Walton,Zainal,Arifin
Bryan,Walton,Sheela,Word
Jian Shuo,Wang,Michael,Raheem
Jason,Watters,Michael,Raheem
Patrick,Wedge,Michael,Raheem
Brian,Welcker,David,Bradley
Brian,Welcker,Jean,Trenary
Jill,Williams,Roberto,Tamburello
Jill,Williams,Peter,Krebs
Jill,Williams,Hazem,Abolrous
Jill,Williams,Gary,Altman
Jill,Williams,Paula,Barreto de Mattos
Jill,Williams,David,Liu
Jill,Williams,Wendy,Kahn
Jill,Williams,Stephanie,Conroy
Jill,Williams,Stephen,Jiang
Jill,Williams,Syed,Abbas
Jill,Williams,Amy,Alberts
Dan,Wilson,Roberto,Tamburello
Dan,Wilson,Peter,Krebs
Dan,Wilson,Hazem,Abolrous
Dan,Wilson,Gary,Altman
Dan,Wilson,Paula,Barreto de Mattos
Dan,Wilson,Amy,Alberts
Dan,Wilson,David,Liu
Dan,Wilson,Wendy,Kahn
Dan,Wilson,Stephanie,Conroy
Dan,Wilson,Stephen,Jiang
Dan,Wilson,Syed,Abbas
John,Wood,Roberto,Tamburello
John,Wood,Peter,Krebs
John,Wood,Hazem,Abolrous
John,Wood,Stephen,Jiang
John,Wood,Syed,Abbas
John,Wood,Amy,Alberts
John,Wood,Gary,Altman
John,Wood,Paula,Barreto de Mattos
John,Wood,David,Liu
John,Wood,Wendy,Kahn
John,Wood,Stephanie,Conroy
Sheela,Word,Dylan,Miller
Sheela,Word,Zainal,Arifin
Sheela,Word,Sheela,Word
A. Scott,Wright,Roberto,Tamburello
A. Scott,Wright,Peter,Krebs
A. Scott,Wright,Hazem,Abolrous
A. Scott,Wright,Gary,Altman
A. Scott,Wright,Paula,Barreto de Mattos
A. Scott,Wright,David,Liu
A. Scott,Wright,Wendy,Kahn
A. Scott,Wright,Stephanie,Conroy
A. Scott,Wright,Stephen,Jiang
A. Scott,Wright,Syed,Abbas
A. Scott,Wright,Amy,Alberts
Peng,Wu,Dylan,Miller
Peng,Wu,Zainal,Arifin
Peng,Wu,Sheela,Word
David,Yalovsky,Michael,Raheem
Garrett,Young,Michael,Raheem
Nuan,Yu,Michael,Raheem
Gary,Yukish,Michael,Raheem
Eugene,Zabokritski,Michael,Raheem
Kimberly,Zimmerman,Michael,Raheem
Michael,Zwilling,Michael,Raheem
